column,selection_reason,method,class_id,class_name,seed,sampler,cfg,steps,guidance_low,guidance_high,vae,checkpoint,path,protocol,sampler_seed,initial_latent_sha256,batch_size,nfe,batch_seconds,peak_vram_gb,image_sha256,archive_group,original_vm_path
1,Complete subject silhouette; visible tail and limbs.,SiT,26,common newt,113,ODE-Euler,1.8,250,0.0,1.0,stabilityai/sd-vae-ft-ema,/workspace/sit_qualitative/checkpoints/SiT/SiT-XL-2-256.pt,images/B/class_0026_common_newt/seed_00000113/SiT__class-0026__seed-00000113.png,B,1000000120,a0dd38fd7c492238e0f27883c6f8b0b6ff9f9697121ea3869155fa25b32e9a0c,8,250,21.911,5.09,9145f878c520fc01ddafa1de2bd7a40c82c7f0c589163abadabfd79988b121b6,B,/workspace/sit_qualitative/samples/B/SiT/SiT__class-0026__seed-00000113.png
1,Complete subject silhouette; visible tail and limbs.,SRA,26,common newt,113,ODE-Euler,1.8,250,0.0,1.0,stabilityai/sd-vae-ft-ema,/workspace/sit_qualitative/checkpoints/SRA/sitxl-sra-res256-ep800.pt,images/B/class_0026_common_newt/seed_00000113/SRA__class-0026__seed-00000113.png,B,1000000120,a0dd38fd7c492238e0f27883c6f8b0b6ff9f9697121ea3869155fa25b32e9a0c,8,250,22.0,5.111,f091744689da0bb2310c81d3d5aaff5743d4554ea4790becc21dfe596d4a9fbd,B,/workspace/sit_qualitative/samples/B/SRA/SRA__class-0026__seed-00000113.png
1,Complete subject silhouette; visible tail and limbs.,LayerSync,26,common newt,113,ODE-Euler,1.8,250,0.0,1.0,stabilityai/sd-vae-ft-ema,/workspace/sit_qualitative/checkpoints/LayerSync/checkpoint.pt,images/B/class_0026_common_newt/seed_00000113/LayerSync__class-0026__seed-00000113.png,B,1000000120,a0dd38fd7c492238e0f27883c6f8b0b6ff9f9697121ea3869155fa25b32e9a0c,8,250,22.078,5.09,a3e678807075079ba728203ea744f69e474f8df7b2f883404f5d444b6e0ae741,B,/workspace/sit_qualitative/samples/B/LayerSync/LayerSync__class-0026__seed-00000113.png
1,Complete subject silhouette; visible tail and limbs.,LARA,26,common newt,113,ODE-Euler,1.8,250,0.0,1.0,stabilityai/sd-vae-ft-ema,/workspace/sit_qualitative/checkpoints/LARA/last.pt,images/B/class_0026_common_newt/seed_00000113/LARA__class-0026__seed-00000113.png,B,1000000120,a0dd38fd7c492238e0f27883c6f8b0b6ff9f9697121ea3869155fa25b32e9a0c,8,250,22.371,5.122,01cd2fffa8fa3b31744b06eadeb26e3aae5daa16e9966b046069eea3bd54ce9b,B,/workspace/sit_qualitative/samples/B/LARA/LARA__class-0026__seed-00000113.png
2,Clear eye and muzzle contours with a clean background.,SiT,208,Labrador retriever,113,ODE-Euler,1.8,250,0.0,1.0,stabilityai/sd-vae-ft-ema,/workspace/sit_qualitative/checkpoints/SiT/SiT-XL-2-256.pt,images/B/class_0208_labrador_retriever/seed_00000113/SiT__class-0208__seed-00000113.png,paper_subject_B,1000000120,a0dd38fd7c492238e0f27883c6f8b0b6ff9f9697121ea3869155fa25b32e9a0c,3,250,8.57,3.831,3276a8190cadb56d0b020572ebadbe389945d4becae4c9e826e97c869232052d,B,/workspace/sit_qualitative/samples/paper_subject_B/SiT/SiT__class-0208__seed-00000113.png
2,Clear eye and muzzle contours with a clean background.,SRA,208,Labrador retriever,113,ODE-Euler,1.8,250,0.0,1.0,stabilityai/sd-vae-ft-ema,/workspace/sit_qualitative/checkpoints/SRA/sitxl-sra-res256-ep800.pt,images/B/class_0208_labrador_retriever/seed_00000113/SRA__class-0208__seed-00000113.png,paper_subject_B,1000000120,a0dd38fd7c492238e0f27883c6f8b0b6ff9f9697121ea3869155fa25b32e9a0c,3,250,8.518,3.852,f05cf091c46da20010ca329ef87df31e76d4c144e60db93e8eb2736dabea647e,B,/workspace/sit_qualitative/samples/paper_subject_B/SRA/SRA__class-0208__seed-00000113.png
2,Clear eye and muzzle contours with a clean background.,LayerSync,208,Labrador retriever,113,ODE-Euler,1.8,250,0.0,1.0,stabilityai/sd-vae-ft-ema,/workspace/sit_qualitative/checkpoints/LayerSync/checkpoint.pt,images/B/class_0208_labrador_retriever/seed_00000113/LayerSync__class-0208__seed-00000113.png,paper_subject_B,1000000120,a0dd38fd7c492238e0f27883c6f8b0b6ff9f9697121ea3869155fa25b32e9a0c,3,250,8.514,3.831,d9a1da97f7e726fbc9517d06ddb7c5f354efc65690bdbab0a505cd96880ae9c3,B,/workspace/sit_qualitative/samples/paper_subject_B/LayerSync/LayerSync__class-0208__seed-00000113.png
2,Clear eye and muzzle contours with a clean background.,LARA,208,Labrador retriever,113,ODE-Euler,1.8,250,0.0,1.0,stabilityai/sd-vae-ft-ema,/workspace/sit_qualitative/checkpoints/LARA/last.pt,images/B/class_0208_labrador_retriever/seed_00000113/LARA__class-0208__seed-00000113.png,paper_subject_B,1000000120,a0dd38fd7c492238e0f27883c6f8b0b6ff9f9697121ea3869155fa25b32e9a0c,3,250,8.651,3.864,d76bf337879b2263be9f42f5f1d9b816e13ff7975ee80d4bfdb608774d66cd99,B,/workspace/sit_qualitative/samples/paper_subject_B/LARA/LARA__class-0208__seed-00000113.png
3,"Readable wing, fuselage and tail structure.",SiT,895,warplane,10007,ODE-Euler,1.8,250,0.0,1.0,stabilityai/sd-vae-ft-ema,/workspace/sit_qualitative/checkpoints/SiT/SiT-XL-2-256.pt,images/B/class_0895_warplane/seed_00010007/SiT__class-0895__seed-00010007.png,aircraft_B,1000010014,42ca04fd60a65815e9e7ebef06ad0ccd16aa38b07a2d6cf4e89d858745a40b7b,8,250,21.91,5.09,354967fc3891bf82fe18d3b6e33520778497edfb263a3ffe13cf85e245d2aae4,B,/workspace/sit_qualitative/samples/aircraft_B/SiT/SiT__class-0895__seed-00010007.png
3,"Readable wing, fuselage and tail structure.",SRA,895,warplane,10007,ODE-Euler,1.8,250,0.0,1.0,stabilityai/sd-vae-ft-ema,/workspace/sit_qualitative/checkpoints/SRA/sitxl-sra-res256-ep800.pt,images/B/class_0895_warplane/seed_00010007/SRA__class-0895__seed-00010007.png,aircraft_B,1000010014,42ca04fd60a65815e9e7ebef06ad0ccd16aa38b07a2d6cf4e89d858745a40b7b,8,250,21.936,5.111,16d712d2b8720c6171355477ddb1f5b39e13a04245d987f9a263a9c773d99c93,B,/workspace/sit_qualitative/samples/aircraft_B/SRA/SRA__class-0895__seed-00010007.png
3,"Readable wing, fuselage and tail structure.",LayerSync,895,warplane,10007,ODE-Euler,1.8,250,0.0,1.0,stabilityai/sd-vae-ft-ema,/workspace/sit_qualitative/checkpoints/LayerSync/checkpoint.pt,images/B/class_0895_warplane/seed_00010007/LayerSync__class-0895__seed-00010007.png,aircraft_B,1000010014,42ca04fd60a65815e9e7ebef06ad0ccd16aa38b07a2d6cf4e89d858745a40b7b,8,250,21.938,5.09,f001e75183577223e66a3071ce725b3946d3f3de8ef16410a4586b49294127e1,B,/workspace/sit_qualitative/samples/aircraft_B/LayerSync/LayerSync__class-0895__seed-00010007.png
3,"Readable wing, fuselage and tail structure.",LARA,895,warplane,10007,ODE-Euler,1.8,250,0.0,1.0,stabilityai/sd-vae-ft-ema,/workspace/sit_qualitative/checkpoints/LARA/last.pt,images/B/class_0895_warplane/seed_00010007/LARA__class-0895__seed-00010007.png,aircraft_B,1000010014,42ca04fd60a65815e9e7ebef06ad0ccd16aa38b07a2d6cf4e89d858745a40b7b,8,250,22.239,5.122,1db187318aba80ba1943da07b80bc262cf35245367b85f1375268b8b6ab4567d,B,/workspace/sit_qualitative/samples/aircraft_B/LARA/LARA__class-0895__seed-00010007.png
4,Visible cutting wheel and recognizable tool geometry.,SiT,473,can opener,10007,ODE-Euler,1.8,250,0.0,1.0,stabilityai/sd-vae-ft-ema,/workspace/sit_qualitative/checkpoints/SiT/SiT-XL-2-256.pt,images/B/class_0473_can_opener/seed_00010007/SiT__class-0473__seed-00010007.png,B,1000010014,42ca04fd60a65815e9e7ebef06ad0ccd16aa38b07a2d6cf4e89d858745a40b7b,8,250,21.911,5.09,67f5acf4fc3469b0c2aebb5f88d30be9e6fc445ec2acbc945334fd8512a842f8,B,/workspace/sit_qualitative/samples/B/SiT/SiT__class-0473__seed-00010007.png
4,Visible cutting wheel and recognizable tool geometry.,SRA,473,can opener,10007,ODE-Euler,1.8,250,0.0,1.0,stabilityai/sd-vae-ft-ema,/workspace/sit_qualitative/checkpoints/SRA/sitxl-sra-res256-ep800.pt,images/B/class_0473_can_opener/seed_00010007/SRA__class-0473__seed-00010007.png,B,1000010014,42ca04fd60a65815e9e7ebef06ad0ccd16aa38b07a2d6cf4e89d858745a40b7b,8,250,22.0,5.111,f7b6e9d1f0d297fbdcbf27241cd0f1d1963d27e374af49ab861787174f10c009,B,/workspace/sit_qualitative/samples/B/SRA/SRA__class-0473__seed-00010007.png
4,Visible cutting wheel and recognizable tool geometry.,LayerSync,473,can opener,10007,ODE-Euler,1.8,250,0.0,1.0,stabilityai/sd-vae-ft-ema,/workspace/sit_qualitative/checkpoints/LayerSync/checkpoint.pt,images/B/class_0473_can_opener/seed_00010007/LayerSync__class-0473__seed-00010007.png,B,1000010014,42ca04fd60a65815e9e7ebef06ad0ccd16aa38b07a2d6cf4e89d858745a40b7b,8,250,22.078,5.09,d4c4e0f024c611913fa3f995d379ba87b1a2268d13bb3956e7345a5b0db3d04e,B,/workspace/sit_qualitative/samples/B/LayerSync/LayerSync__class-0473__seed-00010007.png
4,Visible cutting wheel and recognizable tool geometry.,LARA,473,can opener,10007,ODE-Euler,1.8,250,0.0,1.0,stabilityai/sd-vae-ft-ema,/workspace/sit_qualitative/checkpoints/LARA/last.pt,images/B/class_0473_can_opener/seed_00010007/LARA__class-0473__seed-00010007.png,B,1000010014,42ca04fd60a65815e9e7ebef06ad0ccd16aa38b07a2d6cf4e89d858745a40b7b,8,250,22.371,5.122,2e6abfa6f5fb16f8e1ba7a120edc5cbac1e930302614b20479cf4f17064e2d16,B,/workspace/sit_qualitative/samples/B/LARA/LARA__class-0473__seed-00010007.png
5,Regular vertical slats and a coherent window frame.,SiT,905,window shade,113,ODE-Euler,1.8,250,0.0,1.0,stabilityai/sd-vae-ft-ema,/workspace/sit_qualitative/checkpoints/SiT/SiT-XL-2-256.pt,images/B/class_0905_window_shade/seed_00000113/SiT__class-0905__seed-00000113.png,B,1000000120,a0dd38fd7c492238e0f27883c6f8b0b6ff9f9697121ea3869155fa25b32e9a0c,8,250,21.911,5.09,c416000268fd7ffc1f4bb1befc8bd1152946c73c2807e31b694b8af4512d33ca,B,/workspace/sit_qualitative/samples/B/SiT/SiT__class-0905__seed-00000113.png
5,Regular vertical slats and a coherent window frame.,SRA,905,window shade,113,ODE-Euler,1.8,250,0.0,1.0,stabilityai/sd-vae-ft-ema,/workspace/sit_qualitative/checkpoints/SRA/sitxl-sra-res256-ep800.pt,images/B/class_0905_window_shade/seed_00000113/SRA__class-0905__seed-00000113.png,B,1000000120,a0dd38fd7c492238e0f27883c6f8b0b6ff9f9697121ea3869155fa25b32e9a0c,8,250,22.0,5.111,ba12e508d96307f29b3d91640b243fc08ef2a23314cc08802697059b91529323,B,/workspace/sit_qualitative/samples/B/SRA/SRA__class-0905__seed-00000113.png
5,Regular vertical slats and a coherent window frame.,LayerSync,905,window shade,113,ODE-Euler,1.8,250,0.0,1.0,stabilityai/sd-vae-ft-ema,/workspace/sit_qualitative/checkpoints/LayerSync/checkpoint.pt,images/B/class_0905_window_shade/seed_00000113/LayerSync__class-0905__seed-00000113.png,B,1000000120,a0dd38fd7c492238e0f27883c6f8b0b6ff9f9697121ea3869155fa25b32e9a0c,8,250,22.078,5.09,804764f0a288008e1da85e236828368a171fa4b87331df936df31f3e75a96f35,B,/workspace/sit_qualitative/samples/B/LayerSync/LayerSync__class-0905__seed-00000113.png
5,Regular vertical slats and a coherent window frame.,LARA,905,window shade,113,ODE-Euler,1.8,250,0.0,1.0,stabilityai/sd-vae-ft-ema,/workspace/sit_qualitative/checkpoints/LARA/last.pt,images/B/class_0905_window_shade/seed_00000113/LARA__class-0905__seed-00000113.png,B,1000000120,a0dd38fd7c492238e0f27883c6f8b0b6ff9f9697121ea3869155fa25b32e9a0c,8,250,22.371,5.122,519b854ab1c3996e1d5e5d071e456b45532fe897fda6c3bf7b159e9e3377b579,B,/workspace/sit_qualitative/samples/B/LARA/LARA__class-0905__seed-00000113.png
6,Distinct patchwork motifs and visible fabric folds.,SiT,750,quilt,10007,ODE-Euler,1.8,250,0.0,1.0,stabilityai/sd-vae-ft-ema,/workspace/sit_qualitative/checkpoints/SiT/SiT-XL-2-256.pt,images/B/class_0750_quilt/seed_00010007/SiT__class-0750__seed-00010007.png,B,1000010014,42ca04fd60a65815e9e7ebef06ad0ccd16aa38b07a2d6cf4e89d858745a40b7b,8,250,21.524,5.09,cc8e4eba3c7e944e412b86e8a44d5c4c40bbdd64b7acacb9ee873b91b5f6d7e0,B,/workspace/sit_qualitative/samples/B/SiT/SiT__class-0750__seed-00010007.png
6,Distinct patchwork motifs and visible fabric folds.,SRA,750,quilt,10007,ODE-Euler,1.8,250,0.0,1.0,stabilityai/sd-vae-ft-ema,/workspace/sit_qualitative/checkpoints/SRA/sitxl-sra-res256-ep800.pt,images/B/class_0750_quilt/seed_00010007/SRA__class-0750__seed-00010007.png,B,1000010014,42ca04fd60a65815e9e7ebef06ad0ccd16aa38b07a2d6cf4e89d858745a40b7b,8,250,21.543,5.111,826a742c2286984530ba9dcef9d7c6aed8d7d57599efeb3e1697ae5fa38b35f2,B,/workspace/sit_qualitative/samples/B/SRA/SRA__class-0750__seed-00010007.png
6,Distinct patchwork motifs and visible fabric folds.,LayerSync,750,quilt,10007,ODE-Euler,1.8,250,0.0,1.0,stabilityai/sd-vae-ft-ema,/workspace/sit_qualitative/checkpoints/LayerSync/checkpoint.pt,images/B/class_0750_quilt/seed_00010007/LayerSync__class-0750__seed-00010007.png,B,1000010014,42ca04fd60a65815e9e7ebef06ad0ccd16aa38b07a2d6cf4e89d858745a40b7b,8,250,21.578,5.09,8727daad4f51563ba81140b762c118296e9522a8f172138b4193b9f0cc900088,B,/workspace/sit_qualitative/samples/B/LayerSync/LayerSync__class-0750__seed-00010007.png
6,Distinct patchwork motifs and visible fabric folds.,LARA,750,quilt,10007,ODE-Euler,1.8,250,0.0,1.0,stabilityai/sd-vae-ft-ema,/workspace/sit_qualitative/checkpoints/LARA/last.pt,images/B/class_0750_quilt/seed_00010007/LARA__class-0750__seed-00010007.png,B,1000010014,42ca04fd60a65815e9e7ebef06ad0ccd16aa38b07a2d6cf4e89d858745a40b7b,8,250,21.831,5.122,0c5cd80ae997cd0e3ce7ebe22d69a16f223f58c60bdc05327448faeec71a30cc,B,/workspace/sit_qualitative/samples/B/LARA/LARA__class-0750__seed-00010007.png
